{
  "project_info": {
    "project_number": "589328871534",
    "project_id": "time-schedule-120c0",
    "storage_bucket": "time-schedule-120c0.appspot.com"
  },
  "client": [
    {
      "client_info": {
        "mobilesdk_app_id": "1:589328871534:android:768443984e12bcd070767f",
        "android_client_info": {
          "package_name": "com.example.nbyula"
        }
      },
      "oauth_client": [
        {
          "client_id": "589328871534-9ggl3lgant79vle23tl0kf9p9m8f1uvj.apps.googleusercontent.com",
          "client_type": 1,
          "android_info": {
            "package_name": "com.example.nbyula",
            "certificate_hash": "2baa854b65cc04b07f1533e8da77f1f71e128c8d"
          }
        },
        {
          "client_id": "589328871534-3u8p3miotmmkj6hnnjf7tu44o4bfef7o.apps.googleusercontent.com",
          "client_type": 3
        }
      ],
      "api_key": [
        {
          "current_key": "AIzaSyC0sybRkineePVj5eTNqOE3gi3Q9YARm04"
        }
      ],
      "services": {
        "appinvite_service": {
          "other_platform_oauth_client": [
            {
              "client_id": "589328871534-3u8p3miotmmkj6hnnjf7tu44o4bfef7o.apps.googleusercontent.com",
              "client_type": 3
            }
          ]
        }
      }
    }
  ],
  "configuration_version": "1"
}